"Classe","Arquivo"
"?","src\components\module-card.js"
"?","src\components\quiz.js"
"?","src\modules\gases\simulation.js"
"?","src\modules\opacidade\simulation.js"
"?","src\modules\produtos-perigosos\simulation.js"
"app-footer","src\app\composition\application-composition.js"
"app-header","src\components\app-header.js"
"brake-reading","src\modules\frenagem\sections\estudo-caso.js"
"brake-reading__header","src\modules\frenagem\sections\estudo-caso.js"
"brake-reading__status","src\modules\frenagem\sections\estudo-caso.js"
"brake-reading__title","src\modules\frenagem\sections\estudo-caso.js"
"brake-reading__wheels","src\modules\frenagem\sections\estudo-caso.js"
"brake-result","src\modules\frenagem\sections\simulador.js"
"brake-result__bar-fill","src\modules\frenagem\sections\simulador.js"
"brake-result__bar-item","src\modules\frenagem\sections\simulador.js"
"brake-result__bars","src\modules\frenagem\sections\simulador.js"
"brake-result__bar-track","src\modules\frenagem\sections\simulador.js"
"brake-result__chart","src\modules\frenagem\sections\simulador.js"
"brake-result__detail","src\modules\frenagem\sections\simulador.js"
"brake-result__details","src\modules\frenagem\sections\simulador.js"
"brake-result__metric","src\modules\frenagem\sections\simulador.js"
"brake-result__metrics","src\modules\frenagem\sections\simulador.js"
"brake-result__section","src\modules\frenagem\sections\simulador.js"
"brake-result__summary","src\modules\frenagem\sections\simulador.js"
"brake-result__validation","src\modules\frenagem\sections\simulador.js"
"brake-result__warnings","src\modules\frenagem\sections\simulador.js"
"brake-simulator","src\modules\frenagem\sections\simulador.js"
"brake-simulator__actions","src\modules\frenagem\sections\simulador.js"
"brake-simulator__button","src\modules\frenagem\sections\simulador.js"
"brake-simulator__button--primary","src\modules\frenagem\sections\simulador.js"
"brake-simulator__button--secondary","src\modules\frenagem\sections\simulador.js"
"brake-simulator__case-button","src\modules\frenagem\sections\simulador.js"
"brake-simulator__case-grid","src\modules\frenagem\sections\simulador.js"
"brake-simulator__empty-icon","src\modules\frenagem\sections\simulador.js"
"brake-simulator__empty-state","src\modules\frenagem\sections\simulador.js"
"brake-simulator__error","src\modules\frenagem\sections\simulador.js"
"brake-simulator__field","src\modules\frenagem\sections\simulador.js"
"brake-simulator__field-grid","src\modules\frenagem\sections\simulador.js"
"brake-simulator__fieldset","src\modules\frenagem\sections\simulador.js"
"brake-simulator__fieldset-description","src\modules\frenagem\sections\simulador.js"
"brake-simulator__form","src\modules\frenagem\sections\simulador.js"
"brake-simulator__form-body","src\modules\frenagem\sections\simulador.js"
"brake-simulator__guidance","src\modules\frenagem\sections\simulador.js"
"brake-simulator__help","src\modules\frenagem\sections\simulador.js"
"brake-simulator__input","src\modules\frenagem\sections\simulador.js"
"brake-simulator__label","src\modules\frenagem\sections\simulador.js"
"brake-simulator__layout","src\modules\frenagem\sections\simulador.js"
"brake-simulator__legend","src\modules\frenagem\sections\simulador.js"
"brake-simulator__optional","src\modules\frenagem\sections\simulador.js"
"brake-simulator__panel","src\modules\frenagem\sections\simulador.js"
"brake-simulator__panel-header","src\modules\frenagem\sections\simulador.js"
"brake-simulator__required","src\modules\frenagem\sections\simulador.js"
"brake-simulator__results-body","src\modules\frenagem\sections\simulador.js"
"brake-simulator__results-panel","src\modules\frenagem\sections\simulador.js"
"brake-simulator__select","src\modules\frenagem\sections\simulador.js"
"brake-simulator__unit","src\modules\frenagem\sections\simulador.js"
"brake-simulator__unit-row","src\modules\frenagem\sections\simulador.js"
"brake-tester-section","src\modules\frenagem\sections\frenometro.js"
"braking-process","src\modules\frenagem\sections\fundamentos.js"
"brand","src\components\app-header.js"
"brand-mark","src\components\app-header.js"
"button","src\app\routing\route-renderer.js"
"button","src\components\chart-panel.js"
"button","src\components\quick-cases.js"
"button","src\components\quiz.js"
"button","src\modules\frenagem\sections\estudo-caso.js"
"button","src\modules\frenagem\sections\frenometro.js"
"button","src\modules\frenagem\sections\fundamentos.js"
"button","src\modules\frenagem\sections\hero.js"
"button","src\modules\suspensao\content.js"
"button","src\modules\template\content.js"
"button","src\modules\template\index.js"
"button","src\modules\template\section\hero.js"
"button","src\modules\template\section\sintese.js"
"button","src\modules\template\simulation.js"
"button--primary","src\modules\frenagem\sections\estudo-caso.js"
"button--primary","src\modules\frenagem\sections\hero.js"
"button--primary","src\modules\suspensao\content.js"
"button--primary","src\modules\template\content.js"
"button--primary","src\modules\template\index.js"
"button--primary","src\modules\template\section\hero.js"
"button--primary","src\modules\template\section\sintese.js"
"button--primary","src\modules\template\simulation.js"
"button--secondary","src\modules\frenagem\sections\estudo-caso.js"
"button--secondary","src\modules\frenagem\sections\frenometro.js"
"button--secondary","src\modules\frenagem\sections\fundamentos.js"
"button--secondary","src\modules\suspensao\content.js"
"button--secondary","src\modules\template\content.js"
"button--secondary","src\modules\template\index.js"
"button--secondary","src\modules\template\section\hero.js"
"button--secondary","src\modules\template\section\sintese.js"
"button--secondary","src\modules\template\simulation.js"
"calculation-card","src\modules\frenagem\sections\fundamentos.js"
"calculation-card__description","src\modules\frenagem\sections\fundamentos.js"
"calculation-card__formula","src\modules\frenagem\sections\fundamentos.js"
"calculation-card__title","src\modules\frenagem\sections\fundamentos.js"
"calculation-exercise","src\modules\frenagem\sections\estudo-caso.js"
"calculation-exercise__data","src\modules\frenagem\sections\estudo-caso.js"
"calculation-exercise__title","src\modules\frenagem\sections\estudo-caso.js"
"callout","src\modules\suspensao\content.js"
"callout","src\modules\template\section\fundamentos.js"
"callout--info","src\modules\suspensao\content.js"
"callout--info","src\modules\template\section\fundamentos.js"
"callout--warning","src\modules\suspensao\content.js"
"case-brake-results","src\modules\frenagem\sections\estudo-caso.js"
"case-brake-results__display","src\modules\frenagem\sections\estudo-caso.js"
"case-calculation","src\modules\frenagem\sections\estudo-caso.js"
"case-calculation__formula","src\modules\frenagem\sections\estudo-caso.js"
"case-calculation__grid","src\modules\frenagem\sections\estudo-caso.js"
"case-conclusion","src\modules\frenagem\sections\estudo-caso.js"
"case-conclusion__content","src\modules\frenagem\sections\estudo-caso.js"
"case-conclusion__label","src\modules\frenagem\sections\estudo-caso.js"
"case-conclusion__marker","src\modules\frenagem\sections\estudo-caso.js"
"case-conclusion__text","src\modules\frenagem\sections\estudo-caso.js"
"case-conclusion__title","src\modules\frenagem\sections\estudo-caso.js"
"case-data","src\modules\frenagem\sections\estudo-caso.js"
"case-data__description","src\modules\frenagem\sections\estudo-caso.js"
"case-data__item","src\modules\frenagem\sections\estudo-caso.js"
"case-data__term","src\modules\frenagem\sections\estudo-caso.js"
"case-feedback","src\modules\frenagem\sections\estudo-caso.js"
"case-note","src\modules\frenagem\sections\estudo-caso.js"
"case-note__marker","src\modules\frenagem\sections\estudo-caso.js"
"case-note__text","src\modules\frenagem\sections\estudo-caso.js"
"case-note__title","src\modules\frenagem\sections\estudo-caso.js"
"case-readings","src\modules\frenagem\sections\frenometro.js"
"case-readings__context","src\modules\frenagem\sections\frenometro.js"
"case-readings__header","src\modules\frenagem\sections\frenometro.js"
"case-readings__label","src\modules\frenagem\sections\frenometro.js"
"case-readings__question-list","src\modules\frenagem\sections\frenometro.js"
"case-readings__questions","src\modules\frenagem\sections\frenometro.js"
"case-readings__questions-title","src\modules\frenagem\sections\frenometro.js"
"case-readings__title","src\modules\frenagem\sections\frenometro.js"
"case-readings__warning","src\modules\frenagem\sections\frenometro.js"
"case-readings__warning-marker","src\modules\frenagem\sections\frenometro.js"
"case-readings__warning-text","src\modules\frenagem\sections\frenometro.js"
"case-readings__warning-title","src\modules\frenagem\sections\frenometro.js"
"case-readings-table","src\modules\frenagem\sections\frenometro.js"
"case-readings-table__position","src\modules\frenagem\sections\frenometro.js"
"case-readings-table__row","src\modules\frenagem\sections\frenometro.js"
"case-readings-table__status","src\modules\frenagem\sections\frenometro.js"
"case-readings-table__value","src\modules\frenagem\sections\frenometro.js"
"case-readings-table-wrapper","src\modules\frenagem\sections\frenometro.js"
"case-return","src\modules\frenagem\sections\fundamentos.js"
"case-return__answer","src\modules\frenagem\sections\fundamentos.js"
"case-return__header","src\modules\frenagem\sections\fundamentos.js"
"case-return__label","src\modules\frenagem\sections\fundamentos.js"
"case-return__title","src\modules\frenagem\sections\fundamentos.js"
"case-study-section","src\modules\frenagem\sections\estudo-caso.js"
"chart-frame","src\modules\suspensao\content.js"
"chart-frame__svg","src\modules\suspensao\content.js"
"chart-panel","src\components\chart-panel.js"
"chart-toolbar","src\components\chart-panel.js"
"check-list","src\modules\suspensao\content.js"
"check-list--warning","src\modules\suspensao\content.js"
"comparison-bars","src\modules\suspensao\content.js"
"comparison-bars__fill","src\modules\suspensao\content.js"
"comparison-bars__header","src\modules\suspensao\content.js"
"comparison-bars__item","src\modules\suspensao\content.js"
"comparison-bars__track","src\modules\suspensao\content.js"
"complementary-evidence","src\modules\frenagem\sections\estudo-caso.js"
"complementary-evidence__button","src\modules\frenagem\sections\estudo-caso.js"
"complementary-evidence__category","src\modules\frenagem\sections\estudo-caso.js"
"complementary-evidence__content","src\modules\frenagem\sections\estudo-caso.js"
"complementary-evidence__header","src\modules\frenagem\sections\estudo-caso.js"
"complementary-evidence__interpretation","src\modules\frenagem\sections\estudo-caso.js"
"complementary-evidence__label","src\modules\frenagem\sections\estudo-caso.js"
"complementary-evidence__number","src\modules\frenagem\sections\estudo-caso.js"
"complementary-evidence__result","src\modules\frenagem\sections\estudo-caso.js"
"complementary-evidence__title","src\modules\frenagem\sections\estudo-caso.js"
"conceptual-calculations","src\modules\frenagem\sections\fundamentos.js"
"conceptual-calculations__grid","src\modules\frenagem\sections\fundamentos.js"
"content-card","src\modules\gases\content.js"
"content-card","src\modules\opacidade\content.js"
"content-card","src\modules\produtos-perigosos\content.js"
"content-card","src\modules\suspensao\content.js"
"content-card","src\modules\template\section\fundamentos.js"
"content-card__index","src\modules\suspensao\content.js"
"content-grid","src\modules\gases\content.js"
"content-grid","src\modules\opacidade\content.js"
"content-grid","src\modules\produtos-perigosos\content.js"
"content-grid","src\modules\suspensao\content.js"
"content-grid","src\modules\template\section\fundamentos.js"
"content-grid--2","src\modules\suspensao\content.js"
"content-grid--2","src\modules\template\section\fundamentos.js"
"content-grid--3","src\modules\suspensao\content.js"
"content-grid--3","src\modules\template\section\fundamentos.js"
"control-block","src\components\range-control.js"
"control-block","src\components\section-header.js"
"dashboard-grid","src\app\views\home-view.js"
"diagnostic-sequence","src\modules\suspensao\content.js"
"diagnostic-sequence__item","src\modules\suspensao\content.js"
"diagnostic-sequence__number","src\modules\suspensao\content.js"
"diagram-arrow","src\modules\suspensao\content.js"
"diagram-body","src\modules\suspensao\content.js"
"diagram-caption","src\modules\suspensao\content.js"
"diagram-component","src\modules\suspensao\content.js"
"diagram-hub","src\modules\suspensao\content.js"
"diagram-label","src\modules\suspensao\content.js"
"diagram-line","src\modules\suspensao\content.js"
"diagram-platform","src\modules\suspensao\content.js"
"diagram-wheel","src\modules\suspensao\content.js"
"dynamic-animation","src\modules\suspensao\content.js"
"dynamic-charts","src\modules\suspensao\content.js"
"dynamic-controls","src\modules\suspensao\content.js"
"dynamic-explanation","src\modules\suspensao\content.js"
"dynamic-lab","src\modules\suspensao\content.js"
"dynamic-lab__eyebrow","src\modules\suspensao\content.js"
"dynamic-lab__header","src\modules\suspensao\content.js"
"dynamic-lab__layout","src\modules\suspensao\content.js"
"dynamic-lab__title","src\modules\suspensao\content.js"
"dynamic-panel","src\modules\suspensao\content.js"
"dynamic-panel__header","src\modules\suspensao\content.js"
"dynamic-presets","src\modules\suspensao\content.js"
"dynamic-slider","src\modules\suspensao\content.js"
"dynamic-slider__header","src\modules\suspensao\content.js"
"emergency-note","src\modules\frenagem\sections\frenometro.js"
"emergency-note__label","src\modules\frenagem\sections\frenometro.js"
"emergency-note__text","src\modules\frenagem\sections\frenometro.js"
"energy-flow","src\modules\frenagem\sections\frenometro.js"
"energy-flow__connector","src\modules\frenagem\sections\frenometro.js"
"energy-flow__item","src\modules\frenagem\sections\frenometro.js"
"energy-flow__number","src\modules\frenagem\sections\frenometro.js"
"equipment-component","src\modules\frenagem\sections\frenometro.js"
"equipment-component__description","src\modules\frenagem\sections\frenometro.js"
"equipment-component__header","src\modules\frenagem\sections\frenometro.js"
"equipment-component__number","src\modules\frenagem\sections\frenometro.js"
"equipment-component__role","src\modules\frenagem\sections\frenometro.js"
"equipment-component__role-label","src\modules\frenagem\sections\frenometro.js"
"equipment-component__role-text","src\modules\frenagem\sections\frenometro.js"
"equipment-component__title","src\modules\frenagem\sections\frenometro.js"
"equipment-components","src\modules\frenagem\sections\frenometro.js"
"equipment-components__grid","src\modules\frenagem\sections\frenometro.js"
"equipment-purpose","src\modules\frenagem\sections\frenometro.js"
"equipment-purpose__content","src\modules\frenagem\sections\frenometro.js"
"equipment-purpose__label","src\modules\frenagem\sections\frenometro.js"
"equipment-purpose__statement","src\modules\frenagem\sections\frenometro.js"
"equipment-purpose__text","src\modules\frenagem\sections\frenometro.js"
"equipment-purpose__title","src\modules\frenagem\sections\frenometro.js"
"equipment-safety","src\modules\frenagem\sections\frenometro.js"
"equipment-safety__content","src\modules\frenagem\sections\frenometro.js"
"equipment-safety__rules","src\modules\frenagem\sections\frenometro.js"
"evidence-card","src\modules\frenagem\sections\hero.js"
"evidence-card__index","src\modules\frenagem\sections\hero.js"
"evidence-card__text","src\modules\frenagem\sections\hero.js"
"evidence-card__title","src\modules\frenagem\sections\hero.js"
"evidence-conclusion","src\modules\frenagem\sections\estudo-caso.js"
"evidence-conclusion__label","src\modules\frenagem\sections\estudo-caso.js"
"evidence-conclusion--open","src\modules\frenagem\sections\estudo-caso.js"
"evidence-conclusion--supported","src\modules\frenagem\sections\estudo-caso.js"
"evidence-interpretation","src\modules\frenagem\sections\fundamentos.js"
"evidence-matrix","src\modules\frenagem\sections\estudo-caso.js"
"evidence-matrix__grid","src\modules\frenagem\sections\estudo-caso.js"
"evidence-relation","src\modules\frenagem\sections\fundamentos.js"
"evidence-relation__caution","src\modules\frenagem\sections\fundamentos.js"
"evidence-relation__interpretation","src\modules\frenagem\sections\fundamentos.js"
"evidence-relation__title","src\modules\frenagem\sections\fundamentos.js"
"evidence-relations","src\modules\frenagem\sections\fundamentos.js"
"evidence-request","src\modules\frenagem\sections\estudo-caso.js"
"evidence-request__list","src\modules\frenagem\sections\estudo-caso.js"
"evidence-request__progress","src\modules\frenagem\sections\estudo-caso.js"
"eyebrow","src\app\views\cases-view.js"
"eyebrow","src\app\views\home-view.js"
"eyebrow","src\app\views\module-view.js"
"eyebrow","src\app\views\references-view.js"
"fatal-error","src\app\routing\route-renderer.js"
"form-field","src\modules\frenagem\sections\estudo-caso.js"
"form-field__hint","src\modules\frenagem\sections\estudo-caso.js"
"form-field__input-group","src\modules\frenagem\sections\estudo-caso.js"
"form-field__label","src\modules\frenagem\sections\estudo-caso.js"
"form-field__suffix","src\modules\frenagem\sections\estudo-caso.js"
"formula","src\modules\frenagem\sections\fundamentos.js"
"formula","src\modules\gases\content.js"
"formula","src\modules\opacidade\content.js"
"formula","src\modules\produtos-perigosos\content.js"
"formula","src\modules\suspensao\content.js"
"formula","src\modules\template\section\fundamentos.js"
"formula__fraction","src\modules\frenagem\sections\estudo-caso.js"
"formula__fraction","src\modules\frenagem\sections\fundamentos.js"
"formula-card","src\modules\suspensao\content.js"
"formula-card__label","src\modules\suspensao\content.js"
"formula-grid","src\modules\suspensao\content.js"
"formula-legend","src\modules\frenagem\sections\fundamentos.js"
"formula-result","src\modules\suspensao\content.js"
"formula--stacked","src\modules\suspensao\content.js"
"fundamentals-section","src\modules\frenagem\sections\fundamentos.js"
"header-status","src\components\app-header.js"
"header-top","src\components\app-header.js"
"help-text","src\components\chart-panel.js"
"hero","src\app\views\cases-view.js"
"hero","src\app\views\home-view.js"
"hero","src\app\views\references-view.js"
"hypothesis-card","src\modules\frenagem\sections\estudo-caso.js"
"hypothesis-card__check","src\modules\frenagem\sections\estudo-caso.js"
"hypothesis-card__content","src\modules\frenagem\sections\estudo-caso.js"
"hypothesis-card__description","src\modules\frenagem\sections\estudo-caso.js"
"hypothesis-card__title","src\modules\frenagem\sections\estudo-caso.js"
"hypothesis-fieldset","src\modules\frenagem\sections\estudo-caso.js"
"hypothesis-grid","src\modules\frenagem\sections\estudo-caso.js"
"initial-evidence","src\modules\frenagem\sections\hero.js"
"initial-evidence__cards","src\modules\frenagem\sections\hero.js"
"initial-evidence__heading","src\modules\frenagem\sections\hero.js"
"initial-evidence__label","src\modules\frenagem\sections\hero.js"
"initial-evidence__title","src\modules\frenagem\sections\hero.js"
"initial-investigation","src\modules\frenagem\sections\estudo-caso.js"
"inspection-comparison","src\modules\frenagem\sections\fundamentos.js"
"inspection-comparison__grid","src\modules\frenagem\sections\fundamentos.js"
"inspection-control","src\modules\suspensao\content.js"
"inspection-control__code","src\modules\suspensao\content.js"
"inspection-control__header","src\modules\suspensao\content.js"
"inspection-control__label","src\modules\suspensao\content.js"
"inspection-control__output","src\modules\suspensao\content.js"
"inspection-control__range","src\modules\suspensao\content.js"
"inspection-control__scale","src\modules\suspensao\content.js"
"inspection-controls","src\modules\suspensao\content.js"
"inspection-dossier","src\modules\frenagem\sections\estudo-caso.js"
"inspection-dossier__body","src\modules\frenagem\sections\estudo-caso.js"
"inspection-dossier__header","src\modules\frenagem\sections\estudo-caso.js"
"inspection-dossier__label","src\modules\frenagem\sections\estudo-caso.js"
"inspection-dossier__status","src\modules\frenagem\sections\estudo-caso.js"
"inspection-dossier__title","src\modules\frenagem\sections\estudo-caso.js"
"inspection-file","src\modules\frenagem\sections\hero.js"
"inspection-file__data","src\modules\frenagem\sections\hero.js"
"inspection-file__header","src\modules\frenagem\sections\hero.js"
"inspection-file__label","src\modules\frenagem\sections\hero.js"
"inspection-file__row","src\modules\frenagem\sections\hero.js"
"inspection-file__title","src\modules\frenagem\sections\hero.js"
"inspection-focus","src\modules\frenagem\sections\fundamentos.js"
"inspection-method","src\modules\frenagem\sections\fundamentos.js"
"inspection-method__label","src\modules\frenagem\sections\fundamentos.js"
"inspection-method__list","src\modules\frenagem\sections\fundamentos.js"
"inspection-method__title","src\modules\frenagem\sections\fundamentos.js"
"inspection-mission","src\modules\frenagem\sections\hero.js"
"inspection-mission__content","src\modules\frenagem\sections\hero.js"
"inspection-mission__label","src\modules\frenagem\sections\hero.js"
"inspection-mission__questions","src\modules\frenagem\sections\hero.js"
"inspection-mission__role","src\modules\frenagem\sections\hero.js"
"inspection-mission__role-label","src\modules\frenagem\sections\hero.js"
"inspection-mission__role-text","src\modules\frenagem\sections\hero.js"
"inspection-mission__role-title","src\modules\frenagem\sections\hero.js"
"inspection-mission__title","src\modules\frenagem\sections\hero.js"
"inspection-panel","src\modules\suspensao\content.js"
"inspection-panel__badge","src\modules\suspensao\content.js"
"inspection-panel__eyebrow","src\modules\suspensao\content.js"
"inspection-panel__header","src\modules\suspensao\content.js"
"inspection-panel__title","src\modules\suspensao\content.js"
"inspection-panel--chart","src\modules\suspensao\content.js"
"inspection-panel--controls","src\modules\suspensao\content.js"
"inspection-panel--diagnosis","src\modules\suspensao\content.js"
"inspection-panel--metrics","src\modules\suspensao\content.js"
"inspection-panel--vehicle","src\modules\suspensao\content.js"
"inspection-presets","src\modules\suspensao\content.js"
"inspection-presets__actions","src\modules\suspensao\content.js"
"inspection-presets__header","src\modules\suspensao\content.js"
"inspection-principle","src\modules\frenagem\sections\fundamentos.js"
"inspection-principle__content","src\modules\frenagem\sections\fundamentos.js"
"inspection-principle__icon","src\modules\frenagem\sections\fundamentos.js"
"inspection-principle__text","src\modules\frenagem\sections\fundamentos.js"
"inspection-principle__title","src\modules\frenagem\sections\fundamentos.js"
"inspection-question","src\modules\frenagem\sections\fundamentos.js"
"inspection-question__description","src\modules\frenagem\sections\fundamentos.js"
"inspection-question__number","src\modules\frenagem\sections\fundamentos.js"
"inspection-question__title","src\modules\frenagem\sections\fundamentos.js"
"inspection-question-grid","src\modules\frenagem\sections\fundamentos.js"
"inspection-result","src\modules\frenagem\sections\estudo-caso.js"
"inspection-table","src\modules\frenagem\sections\estudo-caso.js"
"inspection-table-wrapper","src\modules\frenagem\sections\estudo-caso.js"
"inspection-workbench","src\modules\suspensao\content.js"
"inspection-workbench__eyebrow","src\modules\suspensao\content.js"
"inspection-workbench__header","src\modules\suspensao\content.js"
"inspection-workbench__layout","src\modules\suspensao\content.js"
"inspection-workbench__results","src\modules\suspensao\content.js"
"inspection-workbench__status","src\modules\suspensao\content.js"
"inspection-workbench__status-indicator","src\modules\suspensao\content.js"
"inspection-workbench__title","src\modules\suspensao\content.js"
"inspector-decision","src\modules\frenagem\sections\frenometro.js"
"inspector-decision__answer","src\modules\frenagem\sections\frenometro.js"
"inspector-decision__header","src\modules\frenagem\sections\frenometro.js"
"inspector-decision__label","src\modules\frenagem\sections\frenometro.js"
"inspector-decision__title","src\modules\frenagem\sections\frenometro.js"
"investigation-fieldset","src\modules\frenagem\sections\estudo-caso.js"
"investigation-option","src\modules\frenagem\sections\estudo-caso.js"
"investigation-option__control","src\modules\frenagem\sections\estudo-caso.js"
"investigation-option__label","src\modules\frenagem\sections\estudo-caso.js"
"investigation-options","src\modules\frenagem\sections\estudo-caso.js"
"learning-path","src\modules\frenagem\sections\hero.js"
"learning-path__heading","src\modules\frenagem\sections\hero.js"
"learning-path__item","src\modules\frenagem\sections\hero.js"
"learning-path__label","src\modules\frenagem\sections\hero.js"
"learning-path__list","src\modules\frenagem\sections\hero.js"
"learning-path__number","src\modules\frenagem\sections\hero.js"
"learning-path__title","src\modules\frenagem\sections\hero.js"
"main-nav","src\components\app-header.js"
"measured-quantities","src\modules\frenagem\sections\fundamentos.js"
"measured-quantities__grid","src\modules\frenagem\sections\fundamentos.js"
"measured-quantity","src\modules\frenagem\sections\fundamentos.js"
"measured-quantity__description","src\modules\frenagem\sections\fundamentos.js"
"measured-quantity__symbol","src\modules\frenagem\sections\fundamentos.js"
"measured-quantity__title","src\modules\frenagem\sections\fundamentos.js"
"measured-result","src\modules\frenagem\sections\frenometro.js"
"measured-result__description","src\modules\frenagem\sections\frenometro.js"
"measured-result__symbol","src\modules\frenagem\sections\frenometro.js"
"measured-result__title","src\modules\frenagem\sections\frenometro.js"
"measured-result__use","src\modules\frenagem\sections\frenometro.js"
"measured-results","src\modules\frenagem\sections\frenometro.js"
"measured-results__grid","src\modules\frenagem\sections\frenometro.js"
"metric-card","src\app\views\home-view.js"
"metric-card","src\modules\gases\content.js"
"metric-card","src\modules\opacidade\content.js"
"metric-card","src\modules\produtos-perigosos\content.js"
"metric-card","src\modules\suspensao\content.js"
"metric-card__description","src\modules\suspensao\content.js"
"metric-card__label","src\modules\suspensao\content.js"
"metric-card__unit","src\modules\suspensao\content.js"
"metric-card__value","src\modules\suspensao\content.js"
"metric-grid","src\modules\gases\content.js"
"metric-grid","src\modules\opacidade\content.js"
"metric-grid","src\modules\produtos-perigosos\content.js"
"metrics-grid","src\modules\suspensao\content.js"
"metrics-grid--3","src\modules\suspensao\content.js"
"metrics-grid--4","src\modules\suspensao\content.js"
"metric-strip","src\modules\gases\content.js"
"metric-strip","src\modules\opacidade\content.js"
"metric-strip","src\modules\produtos-perigosos\content.js"
"module-card","src\components\module-card.js"
"module-code","src\components\module-card.js"
"module-grid","src\app\views\cases-view.js"
"module-grid","src\app\views\home-view.js"
"module-hero","src\app\views\module-view.js"
"module-hero","src\modules\frenagem\sections\hero.js"
"module-hero","src\modules\suspensao\content.js"
"module-hero","src\modules\template\content.js"
"module-hero","src\modules\template\index.js"
"module-hero","src\modules\template\section\hero.js"
"module-hero","src\modules\template\section\sintese.js"
"module-hero","src\modules\template\simulation.js"
"module-hero__actions","src\modules\suspensao\content.js"
"module-hero__actions","src\modules\template\content.js"
"module-hero__actions","src\modules\template\index.js"
"module-hero__actions","src\modules\template\section\hero.js"
"module-hero__actions","src\modules\template\section\sintese.js"
"module-hero__actions","src\modules\template\simulation.js"
"module-hero__background","src\modules\frenagem\sections\hero.js"
"module-hero__closing","src\modules\frenagem\sections\hero.js"
"module-hero__closing-text","src\modules\frenagem\sections\hero.js"
"module-hero__container","src\modules\frenagem\sections\hero.js"
"module-hero__content","src\modules\suspensao\content.js"
"module-hero__content","src\modules\template\content.js"
"module-hero__content","src\modules\template\index.js"
"module-hero__content","src\modules\template\section\hero.js"
"module-hero__content","src\modules\template\section\sintese.js"
"module-hero__content","src\modules\template\simulation.js"
"module-hero__context","src\modules\frenagem\sections\hero.js"
"module-hero__copy","src\modules\suspensao\content.js"
"module-hero__copy","src\modules\template\content.js"
"module-hero__copy","src\modules\template\index.js"
"module-hero__copy","src\modules\template\section\hero.js"
"module-hero__copy","src\modules\template\section\sintese.js"
"module-hero__copy","src\modules\template\simulation.js"
"module-hero__eyebrow","src\modules\frenagem\sections\hero.js"
"module-hero__eyebrow","src\modules\suspensao\content.js"
"module-hero__eyebrow","src\modules\template\content.js"
"module-hero__eyebrow","src\modules\template\index.js"
"module-hero__eyebrow","src\modules\template\section\hero.js"
"module-hero__eyebrow","src\modules\template\section\sintese.js"
"module-hero__eyebrow","src\modules\template\simulation.js"
"module-hero__footer","src\modules\frenagem\sections\hero.js"
"module-hero__grid","src\modules\frenagem\sections\hero.js"
"module-hero__header","src\modules\frenagem\sections\hero.js"
"module-hero__highlights","src\modules\suspensao\content.js"
"module-hero__highlights","src\modules\template\content.js"
"module-hero__highlights","src\modules\template\index.js"
"module-hero__highlights","src\modules\template\section\hero.js"
"module-hero__highlights","src\modules\template\section\sintese.js"
"module-hero__highlights","src\modules\template\simulation.js"
"module-hero__lead","src\modules\frenagem\sections\hero.js"
"module-hero__lead","src\modules\suspensao\content.js"
"module-hero__lead","src\modules\template\content.js"
"module-hero__lead","src\modules\template\index.js"
"module-hero__lead","src\modules\template\section\hero.js"
"module-hero__lead","src\modules\template\section\sintese.js"
"module-hero__lead","src\modules\template\simulation.js"
"module-hero__narrative","src\modules\frenagem\sections\hero.js"
"module-hero__notice","src\modules\suspensao\content.js"
"module-hero__notice","src\modules\template\content.js"
"module-hero__notice","src\modules\template\index.js"
"module-hero__notice","src\modules\template\section\hero.js"
"module-hero__notice","src\modules\template\section\sintese.js"
"module-hero__notice","src\modules\template\simulation.js"
"module-hero__objectives","src\modules\suspensao\content.js"
"module-hero__objectives","src\modules\template\content.js"
"module-hero__objectives","src\modules\template\index.js"
"module-hero__objectives","src\modules\template\section\hero.js"
"module-hero__objectives","src\modules\template\section\sintese.js"
"module-hero__objectives","src\modules\template\simulation.js"
"module-hero__overlay","src\modules\frenagem\sections\hero.js"
"module-hero__panel","src\modules\suspensao\content.js"
"module-hero__panel","src\modules\template\content.js"
"module-hero__panel","src\modules\template\index.js"
"module-hero__panel","src\modules\template\section\hero.js"
"module-hero__panel","src\modules\template\section\sintese.js"
"module-hero__panel","src\modules\template\simulation.js"
"module-hero__panel-title","src\modules\suspensao\content.js"
"module-hero__panel-title","src\modules\template\content.js"
"module-hero__panel-title","src\modules\template\index.js"
"module-hero__panel-title","src\modules\template\section\hero.js"
"module-hero__panel-title","src\modules\template\section\sintese.js"
"module-hero__panel-title","src\modules\template\simulation.js"
"module-hero__start","src\modules\frenagem\sections\hero.js"
"module-hero__title","src\modules\frenagem\sections\hero.js"
"module-hero__title","src\modules\suspensao\content.js"
"module-hero__title","src\modules\template\content.js"
"module-hero__title","src\modules\template\index.js"
"module-hero__title","src\modules\template\section\hero.js"
"module-hero__title","src\modules\template\section\sintese.js"
"module-hero__title","src\modules\template\simulation.js"
"module-hero--braking","src\modules\frenagem\sections\hero.js"
"module-highlight-card","src\modules\suspensao\content.js"
"module-highlight-card","src\modules\template\content.js"
"module-highlight-card","src\modules\template\index.js"
"module-highlight-card","src\modules\template\section\hero.js"
"module-highlight-card","src\modules\template\section\sintese.js"
"module-highlight-card","src\modules\template\simulation.js"
"module-highlight-card__index","src\modules\suspensao\content.js"
"module-highlight-card__index","src\modules\template\content.js"
"module-highlight-card__index","src\modules\template\index.js"
"module-highlight-card__index","src\modules\template\section\hero.js"
"module-highlight-card__index","src\modules\template\section\sintese.js"
"module-highlight-card__index","src\modules\template\simulation.js"
"module-highlight-card__text","src\modules\suspensao\content.js"
"module-highlight-card__text","src\modules\template\content.js"
"module-highlight-card__text","src\modules\template\index.js"
"module-highlight-card__text","src\modules\template\section\hero.js"
"module-highlight-card__text","src\modules\template\section\sintese.js"
"module-highlight-card__text","src\modules\template\simulation.js"
"module-highlight-card__title","src\modules\suspensao\content.js"
"module-highlight-card__title","src\modules\template\content.js"
"module-highlight-card__title","src\modules\template\index.js"
"module-highlight-card__title","src\modules\template\section\hero.js"
"module-highlight-card__title","src\modules\template\section\sintese.js"
"module-highlight-card__title","src\modules\template\simulation.js"
"module-page","src\app\views\module-view.js"
"module-page","src\modules\suspensao\content.js"
"module-page--suspensao","src\modules\suspensao\content.js"
"module-section","src\app\views\module-view.js"
"module-section","src\modules\frenagem\sections\estudo-caso.js"
"module-section","src\modules\frenagem\sections\frenometro.js"
"module-section","src\modules\frenagem\sections\fundamentos.js"
"module-section","src\modules\frenagem\sections\simulador.js"
"module-section","src\modules\gases\content.js"
"module-section","src\modules\opacidade\content.js"
"module-section","src\modules\produtos-perigosos\content.js"
"module-section","src\modules\suspensao\content.js"
"module-section","src\modules\template\content.js"
"module-section","src\modules\template\index.js"
"module-section","src\modules\template\section\fundamentos.js"
"module-section","src\modules\template\section\hero.js"
"module-section","src\modules\template\section\sintese.js"
"module-section","src\modules\template\simulation.js"
"module-section__container","src\modules\frenagem\sections\estudo-caso.js"
"module-section__container","src\modules\frenagem\sections\frenometro.js"
"module-section__container","src\modules\frenagem\sections\fundamentos.js"
"module-section__container","src\modules\frenagem\sections\simulador.js"
"module-section__description","src\modules\frenagem\sections\simulador.js"
"module-section__description","src\modules\suspensao\content.js"
"module-section__description","src\modules\template\section\fundamentos.js"
"module-section__eyebrow","src\modules\frenagem\sections\simulador.js"
"module-section__eyebrow","src\modules\suspensao\content.js"
"module-section__eyebrow","src\modules\template\section\fundamentos.js"
"module-section__header","src\modules\frenagem\sections\simulador.js"
"module-section__header","src\modules\suspensao\content.js"
"module-section__header","src\modules\template\section\fundamentos.js"
"module-section__title","src\modules\frenagem\sections\simulador.js"
"module-section__title","src\modules\suspensao\content.js"
"module-section__title","src\modules\template\section\fundamentos.js"
"operating-principle","src\modules\frenagem\sections\frenometro.js"
"operating-principle__diagram","src\modules\frenagem\sections\frenometro.js"
"operational-error","src\modules\frenagem\sections\frenometro.js"
"operational-error__consequence","src\modules\frenagem\sections\frenometro.js"
"operational-error__content","src\modules\frenagem\sections\frenometro.js"
"operational-error__header","src\modules\frenagem\sections\frenometro.js"
"operational-error__label","src\modules\frenagem\sections\frenometro.js"
"operational-error__number","src\modules\frenagem\sections\frenometro.js"
"operational-error__practice","src\modules\frenagem\sections\frenometro.js"
"operational-error__title","src\modules\frenagem\sections\frenometro.js"
"operational-errors","src\modules\frenagem\sections\frenometro.js"
"operational-errors__list","src\modules\frenagem\sections\frenometro.js"
"preliminary-inspection","src\modules\frenagem\sections\estudo-caso.js"
"primary","src\app\routing\route-renderer.js"
"primary","src\components\quiz.js"
"process-chain","src\modules\frenagem\sections\fundamentos.js"
"process-chain__content","src\modules\frenagem\sections\fundamentos.js"
"process-chain__description","src\modules\frenagem\sections\fundamentos.js"
"process-chain__item","src\modules\frenagem\sections\fundamentos.js"
"process-chain__marker","src\modules\frenagem\sections\fundamentos.js"
"process-chain__title","src\modules\frenagem\sections\fundamentos.js"
"process-flow","src\modules\suspensao\content.js"
"process-flow__index","src\modules\suspensao\content.js"
"process-flow__item","src\modules\suspensao\content.js"
"professional-challenge","src\modules\frenagem\sections\hero.js"
"professional-challenge__label","src\modules\frenagem\sections\hero.js"
"professional-challenge__question","src\modules\frenagem\sections\hero.js"
"professional-challenge__text","src\modules\frenagem\sections\hero.js"
"professional-challenge__title","src\modules\frenagem\sections\hero.js"
"professional-challenge__warning","src\modules\frenagem\sections\hero.js"
"professional-demand","src\modules\frenagem\sections\estudo-caso.js"
"professional-demand__label","src\modules\frenagem\sections\estudo-caso.js"
"professional-demand__objective","src\modules\frenagem\sections\estudo-caso.js"
"professional-demand__report","src\modules\frenagem\sections\estudo-caso.js"
"quick-cases","src\components\quick-cases.js"
"quiz-actions","src\components\quiz.js"
"quiz-feedback","src\components\quiz.js"
"quiz-form","src\components\quiz.js"
"quiz-option","src\components\quiz.js"
"quiz-question","src\components\quiz.js"
"quiz-result","src\components\quiz.js"
"range-row","src\components\range-control.js"
"range-row","src\components\section-header.js"
"reading-level","src\modules\frenagem\sections\frenometro.js"
"reading-level__description","src\modules\frenagem\sections\frenometro.js"
"reading-level__number","src\modules\frenagem\sections\frenometro.js"
"reading-level__title","src\modules\frenagem\sections\frenometro.js"
"reference-card","src\app\views\references-view.js"
"reference-group","src\app\views\references-view.js"
"reference-list","src\app\views\references-view.js"
"result-reading","src\modules\frenagem\sections\frenometro.js"
"result-reading__sequence","src\modules\frenagem\sections\frenometro.js"
"route-view","src\app\composition\application-composition.js"
"safety-rule","src\modules\frenagem\sections\frenometro.js"
"safety-rule__marker","src\modules\frenagem\sections\frenometro.js"
"safety-rule__text","src\modules\frenagem\sections\frenometro.js"
"secondary","src\components\chart-panel.js"
"secondary","src\components\quick-cases.js"
"secondary","src\components\quiz.js"
"section-heading","src\modules\frenagem\sections\estudo-caso.js"
"section-heading","src\modules\frenagem\sections\frenometro.js"
"section-heading","src\modules\frenagem\sections\fundamentos.js"
"section-heading__description","src\modules\frenagem\sections\estudo-caso.js"
"section-heading__description","src\modules\frenagem\sections\frenometro.js"
"section-heading__description","src\modules\frenagem\sections\fundamentos.js"
"section-heading__eyebrow","src\modules\frenagem\sections\estudo-caso.js"
"section-heading__eyebrow","src\modules\frenagem\sections\frenometro.js"
"section-heading__eyebrow","src\modules\frenagem\sections\fundamentos.js"
"section-heading__lead","src\modules\frenagem\sections\estudo-caso.js"
"section-heading__lead","src\modules\frenagem\sections\frenometro.js"
"section-heading__lead","src\modules\frenagem\sections\fundamentos.js"
"section-heading__title","src\modules\frenagem\sections\estudo-caso.js"
"section-heading__title","src\modules\frenagem\sections\frenometro.js"
"section-heading__title","src\modules\frenagem\sections\fundamentos.js"
"section-heading--case","src\modules\frenagem\sections\estudo-caso.js"
"section-heading--equipment","src\modules\frenagem\sections\frenometro.js"
"section-heading--investigation","src\modules\frenagem\sections\fundamentos.js"
"section-nav","src\app\views\module-view.js"
"section-nav__button","src\app\views\module-view.js"
"section-navigation__link","src\app\navigation\section-navigation.js"
"section-transition","src\modules\frenagem\sections\estudo-caso.js"
"section-transition","src\modules\frenagem\sections\frenometro.js"
"section-transition","src\modules\frenagem\sections\fundamentos.js"
"section-transition__action","src\modules\frenagem\sections\estudo-caso.js"
"section-transition__action","src\modules\frenagem\sections\frenometro.js"
"section-transition__action","src\modules\frenagem\sections\fundamentos.js"
"section-transition__content","src\modules\frenagem\sections\estudo-caso.js"
"section-transition__content","src\modules\frenagem\sections\frenometro.js"
"section-transition__content","src\modules\frenagem\sections\fundamentos.js"
"section-transition__description","src\modules\frenagem\sections\estudo-caso.js"
"section-transition__description","src\modules\frenagem\sections\frenometro.js"
"section-transition__description","src\modules\frenagem\sections\fundamentos.js"
"section-transition__label","src\modules\frenagem\sections\estudo-caso.js"
"section-transition__label","src\modules\frenagem\sections\frenometro.js"
"section-transition__label","src\modules\frenagem\sections\fundamentos.js"
"section-transition__title","src\modules\frenagem\sections\estudo-caso.js"
"section-transition__title","src\modules\frenagem\sections\frenometro.js"
"section-transition__title","src\modules\frenagem\sections\fundamentos.js"
"simulation-controls","src\modules\gases\content.js"
"simulation-controls","src\modules\opacidade\content.js"
"simulation-controls","src\modules\produtos-perigosos\content.js"
"simulation-layout","src\modules\gases\content.js"
"simulation-layout","src\modules\opacidade\content.js"
"simulation-layout","src\modules\produtos-perigosos\content.js"
"simulation-status","src\modules\suspensao\content.js"
"sr-only","src\modules\frenagem\sections\hero.js"
"startup-error","src\main.js"
"status-badge","src\modules\frenagem\sections\hero.js"
"status-badge--pending","src\modules\frenagem\sections\hero.js"
"status-chip","src\components\app-header.js"
"status-panel","src\modules\gases\content.js"
"status-panel","src\modules\gases\simulation.js"
"status-panel","src\modules\opacidade\content.js"
"status-panel","src\modules\opacidade\simulation.js"
"status-panel","src\modules\produtos-perigosos\content.js"
"status-panel","src\modules\produtos-perigosos\simulation.js"
"status-panel","src\modules\suspensao\dynamics.js"
"status-panel","src\modules\suspensao\simulation.js"
"sticky-visual","src\components\chart-panel.js"
"suspension-bar","src\modules\suspensao\simulation.js"
"svg-axis","src\modules\gases\simulation.js"
"svg-axis","src\modules\opacidade\simulation.js"
"svg-axis","src\modules\produtos-perigosos\simulation.js"
"svg-axis","src\modules\suspensao\simulation.js"
"svg-grid","src\modules\gases\simulation.js"
"svg-grid","src\modules\opacidade\simulation.js"
"svg-grid","src\modules\produtos-perigosos\simulation.js"
"svg-grid","src\modules\suspensao\simulation.js"
"svg-text","src\modules\gases\simulation.js"
"svg-text","src\modules\opacidade\simulation.js"
"svg-text","src\modules\produtos-perigosos\simulation.js"
"svg-text","src\modules\suspensao\simulation.js"
"table","src\modules\suspensao\content.js"
"table--compact","src\modules\suspensao\content.js"
"table-wrapper","src\modules\suspensao\content.js"
"technical-boundary","src\modules\frenagem\sections\estudo-caso.js"
"technical-boundary__label","src\modules\frenagem\sections\estudo-caso.js"
"technical-boundary__text","src\modules\frenagem\sections\estudo-caso.js"
"technical-decision","src\modules\frenagem\sections\estudo-caso.js"
"technical-decision__content","src\modules\frenagem\sections\estudo-caso.js"
"technical-decision__control","src\modules\frenagem\sections\estudo-caso.js"
"technical-decision__description","src\modules\frenagem\sections\estudo-caso.js"
"technical-decision__title","src\modules\frenagem\sections\estudo-caso.js"
"technical-decision-fieldset","src\modules\frenagem\sections\estudo-caso.js"
"technical-decision-grid","src\modules\frenagem\sections\estudo-caso.js"
"technical-decision-section","src\modules\frenagem\sections\estudo-caso.js"
"technical-diagram","src\modules\suspensao\content.js"
"technical-diagram__svg","src\modules\suspensao\content.js"
"technical-hypotheses","src\modules\frenagem\sections\estudo-caso.js"
"technical-justification","src\modules\frenagem\sections\estudo-caso.js"
"technical-justification__counter","src\modules\frenagem\sections\estudo-caso.js"
"technical-justification__label","src\modules\frenagem\sections\estudo-caso.js"
"technical-note","src\modules\frenagem\sections\frenometro.js"
"technical-note__content","src\modules\frenagem\sections\frenometro.js"
"technical-note__marker","src\modules\frenagem\sections\frenometro.js"
"technical-note__text","src\modules\frenagem\sections\frenometro.js"
"technical-note__title","src\modules\frenagem\sections\frenometro.js"
"technical-premise","src\modules\frenagem\sections\fundamentos.js"
"technical-premise__content","src\modules\frenagem\sections\fundamentos.js"
"technical-premise__formula","src\modules\frenagem\sections\fundamentos.js"
"technical-premise__insight","src\modules\frenagem\sections\fundamentos.js"
"technical-premise__label","src\modules\frenagem\sections\fundamentos.js"
"technical-premise__text","src\modules\frenagem\sections\fundamentos.js"
"technical-premise__title","src\modules\frenagem\sections\fundamentos.js"
"technical-report-example","src\modules\suspensao\content.js"
"test-procedure","src\modules\frenagem\sections\frenometro.js"
"test-procedure__steps","src\modules\frenagem\sections\frenometro.js"
"test-step","src\modules\frenagem\sections\frenometro.js"
"test-step__content","src\modules\frenagem\sections\frenometro.js"
"test-step__description","src\modules\frenagem\sections\frenometro.js"
"test-step__evidence","src\modules\frenagem\sections\frenometro.js"
"test-step__evidence-label","src\modules\frenagem\sections\frenometro.js"
"test-step__marker","src\modules\frenagem\sections\frenometro.js"
"test-step__title","src\modules\frenagem\sections\frenometro.js"
"test-validity","src\modules\frenagem\sections\frenometro.js"
"test-validity__grid","src\modules\frenagem\sections\frenometro.js"
"toast","src\components\toast.js"
"validity-condition","src\modules\frenagem\sections\frenometro.js"
"validity-condition__label","src\modules\frenagem\sections\frenometro.js"
"validity-condition__state","src\modules\frenagem\sections\frenometro.js"
"validity-condition__state--risk","src\modules\frenagem\sections\frenometro.js"
"validity-condition__state--valid","src\modules\frenagem\sections\frenometro.js"
"validity-condition__title","src\modules\frenagem\sections\frenometro.js"
"vehicle-top-view","src\modules\suspensao\content.js"
"vehicle-top-view__body","src\modules\suspensao\content.js"
"vehicle-top-view__cabin","src\modules\suspensao\content.js"
"vehicle-top-view__front-label","src\modules\suspensao\content.js"
"vehicle-top-view__legend","src\modules\suspensao\content.js"
"vehicle-top-view__rear-window","src\modules\suspensao\content.js"
"vehicle-top-view__roof","src\modules\suspensao\content.js"
"vehicle-top-view__windshield","src\modules\suspensao\content.js"
"vehicle-wheel","src\modules\suspensao\content.js"
"vehicle-wheel__code","src\modules\suspensao\content.js"
"vehicle-wheel__label","src\modules\suspensao\content.js"
"vehicle-wheel__value","src\modules\suspensao\content.js"
"vehicle-wheel--fl","src\modules\suspensao\content.js"
"vehicle-wheel--fr","src\modules\suspensao\content.js"
"vehicle-wheel--rl","src\modules\suspensao\content.js"
"vehicle-wheel--rr","src\modules\suspensao\content.js"
"visually-hidden","src\modules\frenagem\sections\estudo-caso.js"
"wheel-reading","src\modules\frenagem\sections\estudo-caso.js"
"wheel-reading__bar","src\modules\frenagem\sections\estudo-caso.js"
"wheel-reading__header","src\modules\frenagem\sections\estudo-caso.js"
"wheel-reading__track","src\modules\frenagem\sections\estudo-caso.js"
